model,horizon_days,S0,mean_terminal,median_terminal,std_terminal,p05_terminal,p95_terminal,mean_return_pct,prob_loss_pct,VaR_95_pct,CVaR_95_pct,return_to_VaR_ratio
GBM,30,219.91000366210932,233.96863999660772,227.47282009655567,46.29370190113802,167.16165120740106,319.6043901544019,6.3929044156169565,41.9,23.986336035788458,28.624192897545868,0.26652275720970964
OU,30,219.91000366210932,219.7640559185478,218.47231907962663,30.669895019685118,169.66092812750549,272.09509016712747,-0.06636703248196839,52.800000000000004,22.849836159255084,27.53085124052703,-0.0029044861424569616
MJD,30,219.91000366210932,233.16258900340955,227.31275852282187,46.03591993667283,168.5483490782722,318.48982382247084,6.026367659773568,42.9,23.3557608696847,29.22760177899992,0.2580248913061817
GBM,60,219.91000366210932,244.27138354680662,233.48034753707555,70.47200594533109,151.68624304179914,374.32645499810025,11.077886171166838,40.5,31.023491193759273,37.78322858265781,0.35708057813284666
OU,60,219.91000366210932,216.58153602650512,215.68854377317206,42.81004476239771,148.5732163171355,288.87900171625495,-1.5135589923950814,54.800000000000004,32.43908242327279,40.00514911794139,-0.04665850200834312
MJD,60,219.91000366210932,242.33069247827945,229.5207178672454,70.38502737631043,151.0241797269412,374.03619834648964,10.195392861990674,43.3,31.324552220466888,38.124344724338876,0.32547609269029526
GBM,180,219.91000366210932,302.5790624815553,271.955997542064,156.26110608766686,123.33886827324712,581.592049576707,37.59222292882434,33.300000000000004,43.913934691776596,52.319205102308764,0.8560431487790123
OU,180,219.91000366210932,211.4209149253801,212.85461974322894,69.38578159858861,96.32688471765697,323.407340508307,-3.860255829822395,53.300000000000004,56.19713377584097,67.4669198768051,-0.06869132944075362
MJD,180,219.91000366210932,286.0590952349984,257.3374806819964,154.83183346818524,114.49806561800223,541.5220058598901,30.080073880825754,37.8,47.93412591001183,57.17952266212444,0.6275294127047603
